server_id,app_id
srv0001,app004
srv0001,app001
srv0001,app009
srv0002,app008
srv0003,app004
srv0004,app018
srv0004,app003
srv0004,app014
srv0005,app001
srv0006,app007
srv0007,app017
srv0008,app001
srv0008,app018
srv0008,app007
srv0009,app018
srv0009,app014
srv0009,app008
srv0010,app019
srv0010,app009
srv0011,app006
srv0012,app014
srv0012,app011
srv0012,app009
srv0013,app007
srv0014,app004
srv0014,app003
srv0015,app004
srv0015,app012
srv0016,app020
srv0016,app009
srv0017,app015
srv0018,app004
srv0018,app013
srv0018,app003
srv0019,app010
srv0019,app012
srv0019,app007
srv0020,app003
srv0020,app002
srv0020,app008
srv0021,app003
srv0021,app008
srv0022,app013
srv0023,app015
srv0023,app012
srv0024,app012
srv0025,app007
srv0025,app009
srv0026,app003
srv0026,app006
srv0026,app018
srv0027,app008
srv0027,app006
srv0027,app015
srv0028,app009
srv0028,app018
srv0029,app011
srv0030,app008
srv0031,app011
srv0032,app009
srv0032,app003
srv0033,app019
srv0034,app011
srv0034,app007
srv0034,app016
srv0035,app015
srv0035,app005
srv0036,app005
srv0036,app008
srv0037,app018
srv0037,app020
srv0037,app009
srv0038,app019
srv0038,app014
srv0038,app013
srv0039,app008
srv0039,app005
srv0040,app016
srv0040,app003
srv0040,app002
srv0041,app005
srv0042,app006
srv0042,app014
srv0042,app003
srv0043,app013
srv0043,app015
srv0044,app009
srv0044,app018
srv0044,app001
srv0045,app004
srv0045,app018
srv0045,app009
srv0046,app011
srv0046,app004
srv0046,app010
srv0047,app006
srv0047,app015
srv0048,app009
srv0049,app006
srv0049,app017
srv0049,app004
srv0050,app010
srv0050,app017
srv0050,app007
srv0051,app012
srv0052,app018
srv0053,app001
srv0053,app011
srv0053,app016
srv0054,app004
srv0055,app010
srv0055,app008
srv0056,app008
srv0057,app003
srv0057,app020
srv0057,app016
srv0058,app018
srv0059,app005
srv0060,app016
srv0060,app018
srv0060,app006
srv0061,app017
srv0061,app014
srv0062,app018
srv0063,app007
srv0063,app010
srv0063,app013
srv0064,app012
srv0064,app015
srv0064,app017
srv0065,app004
srv0065,app008
srv0066,app003
srv0067,app001
srv0067,app019
srv0068,app008
srv0068,app019
srv0068,app020
srv0069,app003
srv0070,app002
srv0070,app008
srv0070,app003
srv0071,app011
srv0072,app017
srv0073,app009
srv0074,app016
srv0074,app007
srv0074,app018
srv0075,app019
srv0076,app016
srv0076,app008
srv0076,app020
srv0077,app007
srv0077,app004
srv0078,app014
srv0079,app014
srv0079,app020
srv0080,app002
srv0080,app004
srv0081,app013
srv0082,app011
srv0082,app004
srv0082,app008
srv0083,app007
srv0084,app015
srv0084,app005
srv0084,app014
srv0085,app009
srv0086,app008
srv0086,app003
srv0087,app018
srv0087,app004
srv0088,app018
srv0089,app003
srv0090,app006
srv0091,app016
srv0091,app020
srv0092,app013
srv0093,app006
srv0094,app001
srv0094,app013
srv0095,app015
srv0095,app010
srv0096,app018
srv0096,app016
srv0097,app007
srv0098,app007
srv0098,app002
srv0099,app018
srv0099,app002
srv0099,app011
srv0100,app002
srv0101,app016
srv0101,app017
srv0101,app019
srv0102,app002
srv0103,app003
srv0103,app006
srv0103,app020
srv0104,app003
srv0104,app008
srv0104,app013
srv0105,app019
srv0106,app019
srv0107,app002
srv0107,app003
srv0107,app014
srv0108,app019
srv0108,app020
srv0108,app017
srv0109,app009
srv0109,app007
srv0110,app011
srv0110,app008
srv0110,app009
srv0111,app005
srv0111,app010
srv0112,app011
srv0112,app003
srv0113,app015
srv0114,app019
srv0114,app004
srv0114,app003
srv0115,app007
srv0115,app017
srv0115,app009
srv0116,app012
srv0117,app008
srv0118,app010
srv0118,app006
srv0119,app018
srv0119,app010
srv0120,app017
srv0120,app001
srv0120,app018
srv0121,app004
srv0121,app005
srv0122,app004
srv0122,app020
srv0123,app018
srv0123,app005
srv0123,app009
srv0124,app020
srv0124,app007
srv0125,app011
srv0125,app007
srv0125,app009
srv0126,app016
srv0126,app009
srv0126,app002
srv0127,app014
srv0128,app002
srv0128,app001
srv0129,app005
srv0129,app009
srv0130,app015
srv0131,app014
srv0131,app018
srv0131,app001
srv0132,app003
srv0133,app005
srv0133,app018
srv0133,app002
srv0134,app019
srv0134,app018
srv0135,app014
srv0136,app002
srv0137,app012
srv0137,app002
srv0138,app007
srv0138,app008
srv0139,app004
srv0139,app012
srv0139,app018
srv0140,app020
srv0140,app005
srv0141,app006
srv0142,app014
srv0143,app006
srv0144,app011
srv0144,app014
srv0144,app008
srv0145,app006
srv0145,app004
srv0146,app002
srv0146,app016
srv0147,app007
srv0148,app012
srv0148,app010
srv0149,app008
srv0150,app007
srv0151,app011
srv0151,app009
srv0152,app009
srv0153,app017
srv0153,app013
srv0154,app018
srv0154,app011
srv0154,app001
srv0155,app009
srv0156,app019
srv0157,app002
srv0157,app004
srv0158,app014
srv0158,app012
srv0158,app011
srv0159,app020
srv0159,app017
srv0160,app013
srv0161,app007
srv0161,app009
srv0161,app002
srv0162,app014
srv0162,app001
srv0162,app017
srv0163,app007
srv0163,app012
srv0163,app014
srv0164,app011
srv0165,app011
srv0165,app004
srv0165,app010
srv0166,app010
srv0166,app014
srv0166,app011
srv0167,app010
srv0167,app018
srv0168,app007
srv0169,app013
srv0169,app006
srv0170,app019
srv0170,app010
srv0170,app013
srv0171,app001
srv0171,app010
srv0171,app019
srv0172,app014
srv0173,app020
srv0173,app011
srv0173,app015
srv0174,app015
srv0174,app007
srv0175,app016
srv0175,app006
srv0175,app003
srv0176,app017
srv0176,app011
srv0177,app008
srv0178,app010
srv0178,app008
srv0178,app007
srv0179,app001
srv0180,app008
srv0181,app020
srv0181,app003
srv0182,app014
srv0182,app019
srv0183,app013
srv0184,app013
srv0184,app008
srv0185,app001
srv0186,app014
srv0187,app006
srv0188,app017
srv0188,app015
srv0188,app002
srv0189,app008
srv0189,app004
srv0189,app015
srv0190,app015
srv0191,app017
srv0191,app018
srv0191,app011
srv0192,app020
srv0192,app017
srv0193,app018
srv0193,app015
srv0194,app016
srv0195,app009
srv0195,app008
srv0196,app009
srv0196,app017
srv0196,app016
srv0197,app008
srv0197,app009
srv0197,app015
srv0198,app010
srv0199,app009
srv0200,app011
srv0200,app018
srv0201,app005
srv0202,app008
srv0203,app005
srv0203,app007
srv0204,app014
srv0205,app011
srv0205,app018
srv0206,app014
srv0206,app002
srv0207,app014
srv0208,app019
srv0208,app001
srv0209,app013
srv0209,app016
srv0209,app001
srv0210,app010
srv0210,app013
srv0211,app018
srv0211,app020
srv0212,app008
srv0212,app016
srv0212,app020
srv0213,app014
srv0213,app016
srv0214,app013
srv0215,app013
srv0215,app006
srv0216,app005
srv0216,app018
srv0217,app013
srv0218,app019
srv0218,app001
srv0218,app003
srv0219,app014
srv0219,app005
srv0219,app015
srv0220,app002
srv0221,app013
srv0221,app011
srv0222,app015
srv0223,app011
srv0223,app013
srv0224,app014
srv0224,app009
srv0225,app016
srv0226,app018
srv0227,app012
srv0228,app003
srv0229,app002
srv0229,app001
srv0229,app008
srv0230,app001
srv0231,app005
srv0231,app008
srv0231,app020
srv0232,app004
srv0232,app019
srv0233,app015
srv0234,app009
srv0234,app012
srv0234,app006
srv0235,app020
srv0235,app004
srv0235,app006
srv0236,app004
srv0236,app019
srv0237,app010
srv0238,app013
srv0238,app020
srv0238,app007
srv0239,app019
srv0240,app008
srv0240,app004
srv0240,app010
srv0241,app020
srv0241,app004
srv0241,app002
srv0242,app018
srv0242,app014
srv0243,app012
srv0243,app003
srv0243,app017
srv0244,app011
srv0244,app001
srv0244,app014
srv0245,app004
srv0245,app014
srv0246,app015
srv0246,app005
srv0247,app006
srv0247,app017
srv0248,app009
srv0248,app018
srv0248,app016
srv0249,app014
srv0249,app019
srv0250,app011
srv0250,app008
srv0251,app009
srv0252,app008
srv0252,app015
srv0253,app020
srv0253,app013
srv0253,app011
srv0254,app016
srv0255,app006
srv0255,app016
srv0256,app012
srv0257,app011
srv0257,app009
srv0258,app009
srv0258,app018
srv0258,app001
srv0259,app007
srv0259,app003
srv0259,app008
srv0260,app014
srv0260,app016
srv0260,app018
srv0261,app016
srv0262,app016
srv0262,app015
srv0262,app001
srv0263,app010
srv0264,app013
srv0265,app008
srv0265,app010
srv0265,app012
srv0266,app018
srv0266,app017
srv0267,app014
srv0267,app018
srv0268,app012
srv0268,app015
srv0269,app010
srv0269,app009
srv0270,app004
srv0271,app007
srv0271,app011
srv0271,app004
srv0272,app018
srv0272,app006
srv0272,app007
srv0273,app016
srv0274,app019
srv0274,app017
srv0275,app010
srv0275,app004
srv0275,app007
srv0276,app008
srv0276,app012
srv0277,app010
srv0278,app018
srv0279,app009
srv0280,app002
srv0281,app010
srv0281,app005
srv0281,app016
srv0282,app001
srv0283,app010
srv0283,app016
srv0283,app019
srv0284,app011
srv0284,app006
srv0285,app009
srv0286,app004
srv0286,app003
srv0287,app016
srv0287,app003
srv0288,app002
srv0288,app005
srv0288,app019
srv0289,app010
srv0289,app003
srv0289,app008
srv0290,app018
srv0291,app020
srv0291,app008
srv0292,app013
srv0292,app015
srv0292,app019
srv0293,app019
srv0293,app014
srv0294,app019
srv0294,app002
srv0295,app004
srv0295,app007
srv0295,app019
srv0296,app003
srv0296,app006
srv0297,app006
srv0298,app003
srv0298,app006
srv0298,app001
srv0299,app015
srv0299,app016
srv0300,app002
srv0300,app008
srv0301,app010
srv0301,app015
srv0302,app008
srv0303,app019
srv0303,app007
srv0304,app004
srv0304,app018
srv0305,app005
srv0306,app005
srv0306,app003
srv0307,app006
srv0308,app020
srv0308,app019
srv0309,app015
srv0309,app004
srv0310,app010
srv0310,app013
srv0311,app017
srv0311,app018
srv0312,app015
srv0312,app003
srv0313,app002
srv0313,app014
srv0313,app011
srv0314,app009
srv0314,app001
srv0314,app003
srv0315,app019
srv0316,app001
srv0316,app009
srv0316,app002
srv0317,app016
srv0318,app015
srv0318,app009
srv0318,app006
srv0319,app014
srv0319,app016
srv0319,app003
srv0320,app012
srv0320,app014
srv0321,app011
srv0321,app004
srv0322,app011
srv0323,app016
srv0323,app010
srv0324,app013
srv0324,app018
srv0324,app002
srv0325,app003
srv0325,app011
srv0326,app011
srv0326,app004
srv0327,app017
srv0327,app001
srv0328,app018
srv0328,app015
srv0328,app014
srv0329,app007
srv0330,app012
srv0330,app016
srv0330,app015
srv0331,app007
srv0332,app018
srv0332,app005
srv0333,app015
srv0333,app016
srv0334,app001
srv0335,app020
srv0335,app008
srv0335,app006
srv0336,app018
srv0336,app001
srv0337,app014
srv0337,app003
srv0337,app008
srv0338,app015
srv0339,app005
srv0340,app010
srv0340,app017
srv0341,app009
srv0341,app014
srv0341,app016
srv0342,app008
srv0342,app015
srv0343,app005
srv0343,app013
srv0343,app007
srv0344,app017
srv0344,app005
srv0344,app003
srv0345,app014
srv0345,app011
srv0346,app009
srv0346,app001
srv0346,app010
srv0347,app010
srv0347,app019
srv0347,app016
srv0348,app015
srv0349,app016
srv0349,app012
srv0349,app011
srv0350,app018
srv0350,app013
srv0350,app015
srv0351,app007
srv0351,app008
srv0352,app013
srv0352,app008
srv0352,app014
srv0353,app011
srv0354,app016
srv0354,app013
srv0354,app019
srv0355,app005
srv0355,app016
srv0355,app002
srv0356,app017
srv0357,app011
srv0357,app004
srv0357,app015
srv0358,app017
srv0359,app001
srv0359,app005
srv0360,app005
srv0360,app003
srv0361,app009
srv0361,app011
srv0362,app013
srv0362,app003
srv0362,app011
srv0363,app018
srv0363,app013
srv0363,app011
srv0364,app016
srv0364,app018
srv0364,app002
srv0365,app003
srv0365,app008
srv0365,app010
srv0366,app003
srv0367,app004
srv0367,app020
srv0368,app006
srv0368,app010
srv0369,app002
srv0370,app002
srv0370,app010
srv0371,app012
srv0371,app014
srv0372,app008
srv0373,app014
srv0373,app019
srv0373,app006
srv0374,app006
srv0375,app020
srv0376,app020
srv0376,app008
srv0377,app019
srv0377,app005
srv0378,app015
srv0379,app009
srv0379,app015
srv0379,app020
srv0380,app001
srv0380,app015
srv0380,app010
srv0381,app018
srv0381,app006
srv0381,app003
srv0382,app012
srv0382,app019
srv0383,app014
srv0383,app009
srv0384,app010
srv0384,app007
srv0385,app016
srv0385,app004
srv0386,app013
srv0387,app012
srv0387,app019
srv0387,app010
srv0388,app010
srv0388,app001
srv0388,app013
srv0389,app001
srv0389,app019
srv0390,app002
srv0390,app016
srv0390,app010
srv0391,app020
srv0392,app008
srv0392,app007
srv0393,app009
srv0393,app005
srv0393,app004
srv0394,app002
srv0394,app010
srv0394,app015
srv0395,app019
srv0396,app005
srv0396,app003
srv0397,app011
srv0397,app014
srv0398,app007
srv0399,app018
srv0400,app017
srv0400,app020
srv0401,app006
srv0401,app009
srv0402,app010
srv0402,app011
srv0403,app015
srv0404,app005
srv0405,app013
srv0406,app012
srv0406,app003
srv0406,app013
srv0407,app009
srv0408,app004
srv0408,app015
srv0408,app012
srv0409,app009
srv0409,app019
srv0409,app013
srv0410,app012
srv0410,app004
srv0410,app008
srv0411,app001
srv0411,app018
srv0412,app020
srv0412,app008
srv0413,app003
srv0413,app015
srv0413,app010
srv0414,app014
srv0414,app004
srv0414,app005
srv0415,app002
srv0416,app016
srv0416,app004
srv0417,app008
srv0418,app005
srv0418,app013
srv0418,app015
srv0419,app018
srv0419,app014
srv0420,app005
srv0420,app014
srv0420,app004
srv0421,app020
srv0421,app014
srv0422,app002
srv0422,app012
srv0423,app015
srv0424,app008
srv0424,app012
srv0425,app012
srv0426,app012
srv0426,app002
srv0426,app013
srv0427,app007
srv0427,app004
srv0428,app003
srv0428,app007
srv0429,app020
srv0429,app001
srv0429,app002
srv0430,app008
srv0430,app005
srv0431,app007
srv0431,app003
srv0431,app018
srv0432,app019
srv0433,app008
srv0434,app005
srv0434,app001
srv0435,app005
srv0435,app020
srv0436,app009
srv0436,app006
srv0436,app004
srv0437,app001
srv0437,app005
srv0437,app020
srv0438,app008
srv0438,app019
srv0439,app001
srv0439,app006
srv0440,app002
srv0440,app005
srv0441,app014
srv0441,app017
srv0441,app004
srv0442,app003
srv0442,app016
srv0442,app015
srv0443,app017
srv0443,app019
srv0444,app015
srv0445,app008
srv0445,app002
srv0445,app017
srv0446,app015
srv0446,app001
srv0447,app016
srv0448,app014
srv0448,app004
srv0449,app015
srv0449,app003
srv0450,app011
srv0451,app005
srv0451,app003
srv0451,app020
srv0452,app020
srv0452,app019
srv0453,app011
srv0453,app013
srv0453,app017
srv0454,app015
srv0454,app017
srv0455,app014
srv0455,app004
srv0455,app019
srv0456,app018
srv0456,app007
srv0456,app014
srv0457,app008
srv0457,app014
srv0458,app015
srv0458,app013
srv0459,app004
srv0459,app011
srv0460,app011
srv0460,app009
srv0461,app005
srv0461,app016
srv0462,app003
srv0463,app003
srv0464,app004
srv0464,app012
srv0465,app018
srv0466,app019
srv0467,app018
srv0467,app011
srv0467,app004
srv0468,app012
srv0468,app014
srv0469,app002
srv0469,app010
srv0469,app019
srv0470,app004
srv0470,app019
srv0471,app007
srv0471,app005
srv0471,app016
srv0472,app004
srv0473,app018
srv0473,app012
srv0474,app009
srv0475,app008
srv0475,app014
srv0475,app018
srv0476,app020
srv0476,app018
srv0476,app001
srv0477,app009
srv0477,app001
srv0477,app006
srv0478,app010
srv0478,app011
srv0479,app001
srv0479,app006
srv0480,app019
srv0481,app013
srv0481,app003
srv0481,app005
srv0482,app001
srv0482,app003
srv0482,app017
srv0483,app013
srv0484,app015
srv0484,app011
srv0485,app012
srv0486,app011
srv0486,app019
srv0487,app003
srv0487,app002
srv0487,app005
srv0488,app020
srv0489,app003
srv0490,app015
srv0490,app014
srv0491,app020
srv0491,app015
srv0492,app009
srv0492,app007
srv0493,app004
srv0493,app012
srv0493,app014
srv0494,app010
srv0495,app019
srv0495,app016
srv0495,app017
srv0496,app010
srv0496,app002
srv0496,app008
srv0497,app020
srv0497,app002
srv0498,app007
srv0499,app007
srv0499,app005
srv0500,app010
srv0500,app011
srv0501,app001
srv0502,app014
srv0502,app006
srv0503,app013
srv0504,app008
srv0504,app017
srv0504,app018
srv0505,app012
srv0505,app003
srv0505,app013
srv0506,app002
srv0506,app014
srv0506,app001
srv0507,app003
srv0507,app011
srv0508,app014
srv0508,app019
srv0508,app013
srv0509,app014
srv0509,app010
srv0509,app004
srv0510,app001
srv0510,app011
srv0511,app020
srv0512,app012
srv0512,app003
srv0513,app004
srv0513,app008
srv0514,app019
srv0514,app013
srv0515,app003
srv0515,app013
srv0515,app010
srv0516,app011
srv0516,app008
srv0516,app020
srv0517,app003
srv0518,app004
srv0518,app017
srv0518,app019
srv0519,app012
srv0520,app005
srv0520,app008
srv0521,app005
srv0522,app007
srv0522,app006
srv0523,app005
srv0523,app003
srv0523,app006
srv0524,app016
srv0524,app015
srv0524,app019
srv0525,app019
srv0525,app011
srv0525,app020
srv0526,app015
srv0527,app016
srv0528,app010
srv0528,app009
srv0529,app002
srv0529,app012
srv0529,app017
srv0530,app010
srv0531,app015
srv0531,app002
srv0532,app012
srv0533,app003
srv0533,app020
srv0534,app020
srv0534,app017
srv0534,app013
srv0535,app019
srv0535,app018
srv0536,app002
srv0536,app015
srv0536,app007
srv0537,app020
srv0537,app016
srv0538,app005
srv0538,app002
srv0538,app015
srv0539,app011
srv0540,app003
srv0540,app017
srv0540,app006
srv0541,app008
srv0542,app015
srv0542,app020
srv0542,app017
srv0543,app020
srv0543,app006
srv0543,app012
srv0544,app010
srv0544,app013
srv0545,app011
srv0545,app002
srv0546,app011
srv0546,app003
srv0546,app020
srv0547,app018
srv0548,app013
srv0548,app010
srv0548,app009
srv0549,app020
srv0549,app005
srv0549,app011
srv0550,app019
srv0551,app005
srv0551,app012
srv0551,app010
srv0552,app013
srv0552,app005
srv0552,app003
srv0553,app018
srv0553,app013
srv0554,app011
srv0554,app005
srv0554,app017
srv0555,app014
srv0556,app012
srv0556,app001
srv0556,app020
srv0557,app006
srv0557,app007
srv0558,app016
srv0558,app007
srv0559,app005
srv0560,app003
srv0561,app004
srv0561,app017
srv0562,app017
srv0562,app002
srv0562,app011
srv0563,app005
srv0563,app013
srv0563,app020
srv0564,app006
srv0565,app020
srv0565,app006
srv0565,app015
srv0566,app014
srv0567,app008
srv0567,app015
srv0568,app010
srv0568,app015
srv0568,app008
srv0569,app008
srv0569,app010
srv0569,app016
srv0570,app012
srv0571,app019
srv0571,app015
srv0571,app020
srv0572,app013
srv0572,app017
srv0573,app014
srv0573,app006
srv0573,app007
srv0574,app005
srv0574,app009
srv0574,app002
srv0575,app016
srv0575,app012
srv0575,app018
srv0576,app017
srv0577,app010
srv0578,app006
srv0579,app015
srv0579,app017
srv0580,app014
srv0581,app008
srv0582,app012
srv0582,app001
srv0583,app002
srv0583,app013
srv0584,app012
srv0584,app008
srv0584,app013
srv0585,app012
srv0586,app001
srv0587,app004
srv0587,app011
srv0588,app005
srv0589,app010
srv0590,app005
srv0590,app016
srv0591,app020
srv0591,app001
srv0592,app001
srv0593,app007
srv0593,app005
srv0594,app020
srv0594,app017
srv0594,app014
srv0595,app010
srv0596,app010
srv0597,app002
srv0598,app014
srv0599,app020
srv0599,app015
srv0599,app003
srv0600,app016
srv0601,app018
srv0601,app001
srv0601,app017
srv0602,app008
srv0602,app005
srv0602,app010
srv0603,app001
srv0603,app012
srv0604,app019
srv0605,app006
srv0605,app003
srv0606,app012
srv0606,app003
srv0606,app017
srv0607,app017
srv0607,app020
srv0607,app018
srv0608,app013
srv0609,app002
srv0609,app013
srv0610,app009
srv0610,app001
srv0611,app003
srv0611,app012
srv0612,app004
srv0613,app011
srv0613,app005
srv0613,app002
srv0614,app018
srv0614,app011
srv0615,app006
srv0615,app015
srv0615,app016
srv0616,app006
srv0616,app005
srv0616,app003
srv0617,app015
srv0617,app002
srv0617,app010
srv0618,app002
srv0619,app002
srv0620,app010
srv0620,app017
srv0621,app018
srv0621,app016
srv0622,app002
srv0622,app007
srv0623,app012
srv0623,app002
srv0624,app011
srv0624,app009
srv0624,app004
srv0625,app014
srv0625,app013
srv0626,app015
srv0626,app013
srv0626,app011
srv0627,app016
srv0628,app016
srv0628,app012
srv0628,app017
srv0629,app003
srv0629,app014
srv0630,app014
srv0631,app006
srv0631,app018
srv0631,app010
srv0632,app004
srv0632,app003
srv0633,app010
srv0633,app020
srv0634,app020
srv0634,app014
srv0635,app015
srv0636,app015
srv0636,app002
srv0637,app012
srv0637,app014
srv0637,app009
srv0638,app002
srv0638,app003
srv0638,app013
srv0639,app017
srv0639,app006
srv0640,app005
srv0641,app015
srv0641,app002
srv0641,app005
srv0642,app008
srv0643,app012
srv0643,app020
srv0643,app013
srv0644,app002
srv0644,app005
srv0644,app015
srv0645,app012
srv0645,app015
srv0646,app019
srv0647,app017
srv0648,app013
srv0648,app011
srv0649,app009
srv0649,app008
srv0649,app004
srv0650,app006
srv0651,app017
srv0651,app013
srv0652,app004
srv0652,app009
srv0652,app019
srv0653,app015
srv0653,app007
srv0653,app010
srv0654,app016
srv0654,app007
srv0654,app004
srv0655,app003
srv0656,app006
srv0656,app015
srv0657,app011
srv0658,app012
srv0658,app003
srv0658,app018
srv0659,app010
srv0659,app020
srv0659,app006
srv0660,app006
srv0660,app012
srv0660,app017
srv0661,app004
srv0662,app005
srv0663,app016
srv0664,app012
srv0665,app019
srv0665,app012
srv0665,app015
srv0666,app005
srv0666,app003
srv0666,app019
srv0667,app013
srv0667,app016
srv0668,app014
srv0668,app020
srv0668,app003
srv0669,app011
srv0670,app003
srv0670,app015
srv0670,app019
srv0671,app017
srv0671,app012
srv0671,app005
srv0672,app019
srv0672,app006
srv0672,app005
srv0673,app017
srv0673,app002
srv0674,app017
srv0675,app010
srv0676,app006
srv0677,app008
srv0677,app012
srv0678,app010
srv0678,app003
srv0678,app009
srv0679,app018
srv0680,app005
srv0680,app010
srv0681,app018
srv0681,app003
srv0681,app017
srv0682,app006
srv0682,app019
srv0682,app005
srv0683,app020
srv0684,app020
srv0684,app011
srv0684,app002
srv0685,app003
srv0686,app019
srv0687,app007
srv0687,app019
srv0688,app020
srv0688,app001
srv0689,app018
srv0689,app010
srv0690,app010
srv0690,app016
srv0690,app008
srv0691,app013
srv0691,app010
srv0691,app015
srv0692,app002
srv0693,app015
srv0694,app016
srv0694,app015
srv0695,app011
srv0696,app005
srv0696,app011
srv0696,app019
srv0697,app012
srv0697,app013
srv0697,app005
srv0698,app017
srv0698,app018
srv0699,app011
srv0700,app015
srv0701,app009
srv0702,app008
srv0702,app005
srv0703,app002
srv0704,app013
srv0704,app014
srv0705,app006
srv0706,app019
srv0706,app011
srv0707,app006
srv0708,app017
srv0708,app015
srv0709,app010
srv0709,app016
srv0710,app003
srv0711,app017
srv0711,app015
srv0712,app007
srv0713,app012
srv0713,app002
srv0713,app019
srv0714,app016
srv0714,app020
srv0715,app018
srv0715,app001
srv0716,app014
srv0717,app009
srv0718,app012
srv0718,app013
srv0718,app020
srv0719,app013
srv0720,app019
srv0721,app007
srv0721,app012
srv0721,app018
srv0722,app003
srv0722,app013
srv0723,app015
srv0723,app018
srv0723,app009
srv0724,app020
srv0724,app004
srv0724,app005
srv0725,app013
srv0726,app011
srv0726,app018
srv0727,app005
srv0727,app007
srv0728,app017
srv0728,app013
srv0728,app020
srv0729,app002
srv0730,app005
srv0731,app011
srv0731,app016
srv0731,app017
srv0732,app005
srv0732,app017
srv0733,app011
srv0734,app011
srv0734,app006
srv0734,app013
srv0735,app010
srv0735,app019
srv0735,app011
srv0736,app017
srv0736,app018
srv0736,app016
srv0737,app019
srv0737,app010
srv0737,app016
srv0738,app012
srv0739,app004
srv0739,app014
srv0740,app010
srv0740,app001
srv0740,app016
srv0741,app019
srv0741,app020
srv0742,app002
srv0743,app016
srv0743,app006
srv0743,app017
srv0744,app020
srv0744,app013
srv0744,app005
srv0745,app008
srv0745,app002
srv0745,app004
srv0746,app001
srv0747,app011
srv0747,app014
srv0748,app014
srv0749,app007
srv0749,app014
srv0749,app017
srv0750,app016
srv0750,app002
srv0750,app005
srv0751,app007
srv0751,app018
srv0751,app011
srv0752,app016
srv0752,app017
srv0752,app013
srv0753,app006
srv0753,app015
srv0754,app011
srv0754,app018
srv0754,app012
srv0755,app009
srv0755,app016
srv0755,app007
srv0756,app009
srv0757,app010
srv0757,app008
srv0757,app020
srv0758,app007
srv0758,app016
srv0759,app016
srv0759,app012
srv0760,app009
srv0760,app010
srv0760,app004
srv0761,app018
srv0761,app013
srv0761,app019
srv0762,app005
srv0762,app010
srv0763,app010
srv0764,app003
srv0764,app012
srv0764,app015
srv0765,app009
srv0765,app016
srv0765,app007
srv0766,app018
srv0767,app018
srv0767,app009
srv0768,app004
srv0769,app019
srv0769,app008
srv0769,app020
srv0770,app017
srv0771,app008
srv0772,app004
srv0773,app011
srv0773,app016
srv0774,app005
srv0775,app018
srv0776,app014
srv0777,app016
srv0777,app020
srv0777,app007
srv0778,app011
srv0778,app010
srv0779,app002
srv0779,app003
srv0779,app008
srv0780,app002
srv0780,app006
srv0780,app014
srv0781,app002
srv0782,app016
srv0782,app006
srv0783,app010
srv0783,app002
srv0783,app001
srv0784,app019
srv0784,app004
srv0785,app010
srv0785,app015
srv0786,app018
srv0786,app017
srv0786,app016
srv0787,app017
srv0788,app009
srv0788,app007
srv0789,app011
srv0790,app015
srv0791,app009
srv0791,app006
srv0791,app001
srv0792,app011
srv0792,app010
srv0792,app007
srv0793,app020
srv0794,app013
srv0794,app014
srv0794,app017
srv0795,app003
srv0795,app013
srv0796,app004
srv0796,app006
srv0796,app005
srv0797,app011
srv0797,app008
srv0798,app009
srv0799,app008
srv0799,app015
srv0800,app011
srv0800,app010
srv0801,app019
srv0801,app001
srv0801,app009
srv0802,app012
srv0802,app008
srv0802,app002
srv0803,app004
srv0803,app015
srv0803,app010
srv0804,app013
srv0805,app017
srv0805,app010
srv0805,app004
srv0806,app010
srv0806,app012
srv0806,app008
srv0807,app005
srv0808,app005
srv0808,app015
srv0809,app020
srv0809,app012
srv0809,app014
srv0810,app018
srv0810,app016
srv0810,app020
srv0811,app007
srv0811,app008
srv0811,app003
srv0812,app015
srv0812,app017
srv0812,app012
srv0813,app019
srv0814,app002
srv0815,app017
srv0815,app007
srv0815,app018
srv0816,app006
srv0817,app017
srv0817,app015
srv0818,app007
srv0819,app019
srv0819,app016
srv0819,app003
srv0820,app015
srv0820,app002
srv0820,app020
srv0821,app017
srv0822,app015
srv0822,app019
srv0823,app018
srv0824,app010
srv0824,app001
srv0825,app009
srv0825,app001
srv0826,app007
srv0826,app019
srv0826,app003
srv0827,app014
srv0828,app003
srv0828,app018
srv0829,app003
srv0830,app002
srv0830,app010
srv0831,app006
srv0831,app005
srv0832,app014
srv0832,app012
srv0832,app013
srv0833,app013
srv0833,app020
srv0834,app018
srv0835,app012
srv0836,app006
srv0837,app013
srv0837,app017
srv0837,app005
srv0838,app008
srv0838,app001
srv0838,app019
srv0839,app015
srv0839,app018
srv0840,app018
srv0840,app013
srv0841,app008
srv0842,app012
srv0842,app005
srv0843,app007
srv0843,app004
srv0844,app014
srv0845,app001
srv0845,app008
srv0845,app007
srv0846,app004
srv0847,app002
srv0847,app015
srv0847,app020
srv0848,app002
srv0849,app015
srv0849,app008
srv0850,app007
srv0850,app002
srv0850,app005
srv0851,app010
srv0851,app008
srv0851,app011
srv0852,app020
srv0852,app011
srv0852,app008
srv0853,app005
srv0853,app017
srv0854,app014
srv0855,app009
srv0855,app002
srv0856,app019
srv0856,app006
srv0856,app014
srv0857,app016
srv0857,app002
srv0857,app012
srv0858,app013
srv0858,app017
srv0858,app011
srv0859,app014
srv0859,app020
srv0859,app005
srv0860,app013
srv0860,app006
srv0861,app016
srv0861,app008
srv0861,app019
srv0862,app005
srv0862,app015
srv0863,app018
srv0864,app014
srv0864,app018
srv0865,app005
srv0865,app013
srv0865,app008
srv0866,app007
srv0866,app011
srv0867,app003
srv0867,app015
srv0867,app012
srv0868,app018
srv0869,app007
srv0869,app002
srv0869,app009
srv0870,app020
srv0870,app002
srv0871,app007
srv0872,app018
srv0872,app007
srv0872,app016
srv0873,app011
srv0874,app001
srv0874,app007
srv0875,app004
srv0876,app016
srv0876,app008
srv0876,app007
srv0877,app008
srv0877,app018
srv0878,app010
srv0878,app013
srv0879,app018
srv0879,app012
srv0880,app009
srv0880,app012
srv0881,app016
srv0881,app015
srv0881,app004
srv0882,app016
srv0882,app011
srv0882,app007
srv0883,app011
srv0883,app014
srv0884,app019
srv0885,app005
srv0886,app009
srv0887,app019
srv0887,app020
srv0887,app014
srv0888,app005
srv0888,app007
srv0889,app008
srv0889,app013
srv0890,app008
srv0890,app016
srv0890,app018
srv0891,app011
srv0891,app009
srv0891,app016
srv0892,app016
srv0892,app015
srv0892,app006
srv0893,app012
srv0893,app006
srv0893,app005
srv0894,app018
srv0894,app016
srv0894,app006
srv0895,app002
srv0895,app017
srv0895,app020
srv0896,app002
srv0897,app014
srv0898,app008
srv0899,app005
srv0900,app007
srv0901,app015
srv0901,app012
srv0901,app002
srv0902,app020
srv0902,app016
srv0902,app019
srv0903,app001
srv0904,app018
srv0904,app014
srv0904,app001
srv0905,app017
srv0906,app009
srv0906,app018
srv0906,app010
srv0907,app017
srv0908,app014
srv0908,app006
srv0908,app004
srv0909,app017
srv0910,app008
srv0911,app020
srv0912,app009
srv0912,app012
srv0912,app020
srv0913,app003
srv0913,app012
srv0914,app015
srv0914,app019
srv0915,app008
srv0916,app003
srv0916,app002
srv0917,app013
srv0918,app013
srv0918,app018
srv0919,app002
srv0919,app001
srv0920,app006
srv0920,app003
srv0920,app016
srv0921,app011
srv0921,app019
srv0922,app017
srv0923,app008
srv0924,app019
srv0925,app009
srv0925,app002
srv0926,app009
srv0927,app019
srv0927,app002
srv0927,app006
srv0928,app001
srv0928,app007
srv0929,app005
srv0929,app013
srv0929,app003
srv0930,app006
srv0930,app019
srv0931,app019
srv0932,app018
srv0932,app011
srv0933,app005
srv0933,app003
srv0934,app012
srv0934,app002
srv0934,app004
srv0935,app008
srv0935,app003
srv0936,app020
srv0936,app013
srv0937,app001
srv0937,app009
srv0938,app016
srv0938,app008
srv0939,app018
srv0939,app013
srv0940,app006
srv0940,app019
srv0941,app013
srv0941,app003
srv0941,app010
srv0942,app003
srv0943,app009
srv0944,app013
srv0945,app005
srv0945,app013
srv0945,app011
srv0946,app004
srv0946,app003
srv0947,app010
srv0948,app012
srv0948,app009
srv0949,app005
srv0950,app006
srv0951,app015
srv0951,app018
srv0952,app017
srv0952,app014
srv0952,app004
srv0953,app003
srv0954,app018
srv0954,app003
srv0955,app020
srv0955,app011
srv0955,app013
srv0956,app010
srv0957,app013
srv0957,app003
srv0958,app018
srv0958,app008
srv0958,app017
srv0959,app013
srv0960,app005
srv0961,app010
srv0961,app009
srv0962,app005
srv0962,app003
srv0963,app014
srv0964,app014
srv0964,app010
srv0965,app003
srv0965,app012
srv0966,app008
srv0966,app016
srv0967,app020
srv0967,app007
srv0967,app015
srv0968,app005
srv0969,app001
srv0969,app013
srv0970,app020
srv0970,app013
srv0971,app015
srv0971,app011
srv0972,app020
srv0972,app005
srv0973,app011
srv0973,app007
srv0974,app011
srv0974,app006
srv0975,app011
srv0975,app010
srv0976,app016
srv0976,app019
srv0976,app008
srv0977,app013
srv0977,app009
srv0978,app012
srv0978,app004
srv0979,app007
srv0979,app019
srv0979,app018
srv0980,app018
srv0981,app015
srv0982,app007
srv0982,app015
srv0982,app010
srv0983,app003
srv0983,app014
srv0983,app016
srv0984,app010
srv0985,app009
srv0986,app005
srv0986,app014
srv0986,app013
srv0987,app015
srv0988,app016
srv0988,app019
srv0988,app013
srv0989,app017
srv0989,app014
srv0989,app018
srv0990,app012
srv0991,app018
srv0991,app003
srv0991,app004
srv0992,app012
srv0993,app020
srv0994,app019
srv0995,app013
srv0995,app011
srv0995,app014
srv0996,app001
srv0997,app009
srv0998,app017
srv0999,app017
srv0999,app018
srv0999,app008
srv1000,app012
srv1000,app013
srv1001,app019
srv1001,app017
srv1002,app012
srv1003,app016
srv1004,app010
srv1005,app003
srv1005,app004
srv1006,app005
srv1006,app012
srv1006,app010
srv1007,app015
srv1007,app007
srv1008,app016
srv1008,app012
srv1008,app020
srv1009,app015
srv1010,app015
srv1010,app011
srv1010,app003
srv1011,app002
srv1011,app004
srv1012,app011
srv1013,app004
srv1013,app006
srv1013,app008
srv1014,app006
srv1014,app018
srv1014,app020
srv1015,app018
srv1015,app014
srv1016,app008
srv1016,app013
srv1017,app006
srv1017,app020
srv1017,app014
srv1018,app001
srv1018,app007
srv1019,app019
srv1019,app014
srv1020,app001
srv1020,app007
srv1021,app009
srv1022,app003
srv1022,app019
srv1022,app004
srv1023,app006
srv1023,app012
srv1023,app011
srv1024,app015
srv1025,app009
srv1026,app016
srv1026,app017
srv1026,app011
srv1027,app013
srv1027,app020
srv1027,app004
srv1028,app012
srv1028,app015
srv1029,app006
srv1029,app010
srv1029,app003
srv1030,app005
srv1030,app011
srv1030,app004
srv1031,app010
srv1032,app006
srv1033,app005
srv1033,app017
srv1034,app014
srv1034,app005
srv1035,app013
srv1035,app014
srv1035,app006
srv1036,app018
srv1036,app006
srv1037,app006
srv1037,app016
srv1037,app010
srv1038,app006
srv1039,app015
srv1039,app002
srv1040,app001
srv1040,app016
srv1041,app007
srv1042,app018
srv1042,app017
srv1043,app016
srv1043,app014
srv1043,app020
srv1044,app015
srv1044,app016
srv1045,app003
srv1046,app001
srv1046,app008
srv1046,app010
srv1047,app009
srv1048,app018
srv1049,app006
srv1049,app015
srv1050,app016
srv1050,app018
srv1050,app017
srv1051,app019
srv1052,app009
srv1053,app012
srv1053,app018
srv1053,app002
srv1054,app015
srv1054,app018
srv1054,app007
srv1055,app004
srv1055,app008
srv1056,app002
srv1056,app015
srv1057,app012
srv1057,app003
srv1058,app004
srv1058,app008
srv1059,app019
srv1060,app012
srv1060,app014
srv1060,app006
srv1061,app005
srv1061,app007
srv1061,app019
srv1062,app019
srv1063,app018
srv1063,app009
srv1064,app018
srv1064,app006
srv1064,app011
srv1065,app010
srv1065,app020
srv1065,app009
srv1066,app004
srv1066,app005
srv1066,app014
srv1067,app009
srv1068,app005
srv1068,app020
srv1068,app008
srv1069,app011
srv1070,app013
srv1071,app005
srv1071,app019
srv1072,app009
srv1072,app014
srv1072,app013
srv1073,app003
srv1073,app020
srv1074,app017
srv1074,app009
srv1075,app012
srv1075,app015
srv1075,app016
srv1076,app019
srv1076,app001
srv1077,app003
srv1077,app015
srv1077,app012
srv1078,app018
srv1079,app007
srv1079,app014
srv1080,app016
srv1081,app011
srv1081,app010
srv1082,app018
srv1082,app019
srv1083,app019
srv1084,app011
srv1084,app002
srv1085,app004
srv1086,app015
srv1086,app001
srv1086,app004
srv1087,app015
srv1088,app001
srv1088,app014
srv1089,app005
srv1090,app010
srv1090,app006
srv1090,app009
srv1091,app012
srv1092,app003
srv1092,app012
srv1093,app006
srv1093,app002
srv1093,app013
srv1094,app010
srv1094,app008
srv1094,app014
srv1095,app003
srv1095,app004
srv1095,app001
srv1096,app016
srv1097,app005
srv1098,app008
srv1098,app017
srv1098,app015
srv1099,app001
srv1100,app011
srv1100,app004
srv1100,app014
srv1101,app005
srv1101,app016
srv1101,app003
srv1102,app013
srv1103,app004
srv1104,app011
srv1105,app010
srv1105,app005
srv1106,app005
srv1106,app020
srv1107,app017
srv1108,app001
srv1108,app006
srv1108,app015
srv1109,app007
srv1109,app005
srv1110,app020
srv1110,app015
srv1111,app003
srv1112,app005
srv1113,app019
srv1114,app013
srv1114,app012
srv1114,app014
srv1115,app005
srv1115,app008
srv1116,app003
srv1116,app008
srv1117,app020
srv1117,app010
srv1117,app001
srv1118,app010
srv1118,app007
srv1118,app017
srv1119,app017
srv1119,app007
srv1119,app013
srv1120,app002
srv1120,app008
srv1121,app013
srv1121,app004
srv1122,app016
srv1123,app020
srv1123,app003
srv1123,app017
srv1124,app012
srv1125,app005
srv1125,app013
srv1126,app014
srv1126,app012
srv1126,app018
srv1127,app006
srv1127,app016
srv1127,app003
srv1128,app019
srv1129,app001
srv1130,app007
srv1130,app002
srv1131,app013
srv1132,app010
srv1132,app017
srv1132,app014
srv1133,app013
srv1133,app003
srv1134,app018
srv1134,app020
srv1134,app005
srv1135,app003
srv1135,app010
srv1136,app017
srv1137,app005
srv1138,app011
srv1138,app013
srv1138,app003
srv1139,app014
srv1139,app008
srv1140,app008
srv1141,app014
srv1142,app015
srv1143,app020
srv1143,app002
srv1143,app010
srv1144,app006
srv1144,app004
srv1144,app001
srv1145,app005
srv1145,app001
srv1145,app006
srv1146,app012
srv1146,app017
srv1147,app009
srv1147,app006
srv1147,app012
srv1148,app009
srv1149,app004
srv1149,app001
srv1149,app011
srv1150,app009
srv1150,app017
srv1151,app009
srv1152,app019
srv1152,app003
srv1152,app016
srv1153,app017
srv1153,app012
srv1154,app016
srv1155,app006
srv1155,app012
srv1155,app020
srv1156,app004
srv1156,app019
srv1157,app004
srv1157,app008
srv1157,app017
srv1158,app002
srv1159,app008
srv1160,app016
srv1161,app013
srv1161,app005
srv1162,app002
srv1163,app014
srv1163,app008
srv1163,app011
srv1164,app014
srv1165,app011
srv1165,app009
srv1165,app003
srv1166,app012
srv1166,app004
srv1166,app017
srv1167,app002
srv1167,app006
srv1167,app008
srv1168,app002
srv1168,app013
srv1168,app003
srv1169,app010
srv1169,app020
srv1170,app003
srv1170,app018
srv1171,app001
srv1171,app012
srv1172,app010
srv1173,app010
srv1173,app008
srv1173,app015
srv1174,app019
srv1174,app016
srv1175,app018
srv1176,app005
srv1177,app014
srv1178,app008
srv1179,app012
srv1179,app001
srv1179,app011
srv1180,app013
srv1181,app010
srv1181,app004
srv1181,app007
srv1182,app008
srv1182,app014
srv1182,app016
srv1183,app005
srv1184,app009
srv1184,app003
srv1184,app002
srv1185,app017
srv1186,app012
srv1186,app015
srv1187,app003
srv1187,app019
srv1187,app004
srv1188,app005
srv1188,app013
srv1188,app003
srv1189,app019
srv1189,app002
srv1189,app014
srv1190,app005
srv1190,app008
srv1190,app010
srv1191,app011
srv1191,app013
srv1192,app011
srv1192,app020
srv1192,app015
srv1193,app008
srv1193,app003
srv1194,app005
srv1195,app004
srv1195,app005
srv1195,app020
srv1196,app015
srv1197,app011
srv1197,app014
srv1198,app018
srv1199,app007
srv1199,app015
srv1200,app015
srv1200,app009
srv1201,app003
srv1202,app010
srv1203,app020
srv1203,app002
srv1203,app007
srv1204,app005
srv1204,app003
srv1205,app008
srv1205,app012
srv1205,app013
srv1206,app002
srv1206,app010
srv1206,app009
srv1207,app001
srv1208,app015
srv1208,app018
srv1209,app018
srv1209,app008
srv1209,app004
srv1210,app004
srv1210,app005
srv1211,app001
srv1212,app008
srv1213,app007
srv1214,app012
srv1214,app003
srv1215,app019
srv1215,app009
srv1215,app003
srv1216,app003
srv1217,app015
srv1218,app003
srv1219,app004
srv1219,app002
srv1220,app002
srv1220,app006
srv1221,app014
srv1221,app013
srv1221,app016
srv1222,app013
srv1223,app014
srv1223,app006
srv1223,app012
srv1224,app006
srv1225,app009
srv1225,app015
srv1226,app002
srv1227,app020
srv1227,app008
srv1227,app010
srv1228,app014
srv1228,app018
srv1229,app002
srv1229,app003
srv1230,app013
srv1230,app005
srv1231,app007
srv1231,app017
srv1232,app018
srv1233,app013
srv1234,app012
srv1234,app016
srv1234,app018
srv1235,app012
srv1235,app019
srv1236,app011
srv1236,app013
srv1236,app009
srv1237,app001
srv1238,app020
srv1238,app008
srv1239,app009
srv1240,app016
srv1241,app012
srv1241,app019
srv1241,app008
srv1242,app004
srv1243,app008
srv1244,app018
srv1244,app002
srv1245,app019
srv1246,app012
srv1246,app006
srv1247,app008
srv1248,app011
srv1248,app012
srv1248,app001
srv1249,app012
srv1249,app019
srv1249,app005
srv1250,app007
srv1250,app016
srv1250,app018
srv1251,app006
srv1251,app016
srv1252,app003
srv1253,app008
srv1254,app008
srv1254,app001
srv1254,app017
srv1255,app001
srv1255,app011
srv1256,app007
srv1256,app005
srv1256,app011
srv1257,app006
srv1257,app011
srv1257,app002
srv1258,app005
srv1259,app005
srv1259,app004
srv1259,app017
srv1260,app003
srv1260,app012
srv1261,app013
srv1261,app019
srv1261,app004
srv1262,app010
srv1262,app011
srv1263,app006
srv1264,app014
srv1264,app016
srv1264,app011
srv1265,app018
srv1266,app020
srv1266,app012
srv1266,app008
srv1267,app019
srv1267,app006
srv1267,app013
srv1268,app010
srv1268,app005
srv1269,app001
srv1270,app019
srv1270,app013
srv1270,app002
srv1271,app020
srv1272,app020
srv1272,app008
srv1273,app019
srv1273,app004
srv1273,app016
srv1274,app011
srv1275,app003
srv1275,app008
srv1275,app012
srv1276,app006
srv1276,app003
srv1277,app011
srv1277,app015
srv1277,app001
srv1278,app007
srv1278,app008
srv1279,app003
srv1279,app012
srv1279,app009
srv1280,app001
srv1281,app013
srv1282,app014
srv1282,app006
srv1283,app016
srv1283,app013
srv1284,app018
srv1284,app013
srv1285,app016
srv1286,app008
srv1286,app006
srv1286,app015
srv1287,app002
srv1288,app001
srv1288,app011
srv1289,app004
srv1289,app003
srv1290,app006
srv1290,app013
srv1291,app003
srv1292,app003
srv1292,app011
srv1292,app016
srv1293,app001
srv1293,app014
srv1293,app006
srv1294,app014
srv1294,app006
srv1294,app002
srv1295,app011
srv1296,app007
srv1297,app018
srv1297,app020
srv1298,app010
srv1298,app020
srv1299,app004
srv1300,app013
srv1301,app018
srv1301,app016
srv1301,app005
srv1302,app012
srv1303,app014
srv1304,app010
srv1305,app020
srv1305,app016
srv1305,app007
srv1306,app001
srv1307,app006
srv1308,app010
srv1308,app003
srv1308,app016
srv1309,app010
srv1310,app016
srv1310,app020
srv1311,app009
srv1311,app003
srv1311,app018
srv1312,app006
srv1312,app012
srv1313,app012
srv1313,app006
srv1314,app002
srv1314,app009
srv1315,app015
srv1315,app009
srv1316,app009
srv1317,app002
srv1317,app005
srv1317,app004
srv1318,app012
srv1319,app014
srv1319,app019
srv1319,app008
srv1320,app002
srv1320,app013
srv1320,app017
srv1321,app018
srv1321,app016
srv1322,app008
srv1322,app016
srv1322,app010
srv1323,app013
srv1324,app002
srv1324,app017
srv1324,app019
srv1325,app020
srv1325,app005
srv1325,app004
srv1326,app006
srv1326,app020
srv1327,app007
srv1328,app002
srv1329,app003
srv1329,app014
srv1330,app005
srv1331,app009
srv1331,app011
srv1331,app003
srv1332,app013
srv1333,app013
srv1333,app018
srv1333,app011
srv1334,app017
srv1334,app015
srv1335,app020
srv1336,app017
srv1336,app014
srv1336,app004
srv1337,app005
srv1337,app020
srv1338,app019
srv1338,app020
srv1338,app004
srv1339,app019
srv1340,app010
srv1341,app012
srv1341,app014
srv1341,app009
srv1342,app016
srv1342,app019
srv1343,app016
srv1343,app002
srv1343,app006
srv1344,app013
srv1344,app005
srv1345,app020
srv1345,app013
srv1345,app002
srv1346,app011
srv1346,app008
srv1347,app016
srv1348,app012
srv1348,app001
srv1349,app010
srv1349,app020
srv1350,app016
srv1350,app004
srv1351,app005
srv1352,app015
srv1352,app011
srv1353,app014
srv1353,app003
srv1354,app015
srv1355,app014
srv1356,app016
srv1356,app017
srv1356,app012
srv1357,app017
srv1358,app003
srv1359,app017
srv1359,app013
srv1360,app017
srv1361,app001
srv1361,app006
srv1361,app007
srv1362,app002
srv1363,app002
srv1364,app002
srv1364,app012
srv1365,app007
srv1365,app009
srv1365,app012
srv1366,app017
srv1366,app013
srv1367,app004
srv1367,app001
srv1367,app008
srv1368,app016
srv1368,app015
srv1369,app016
srv1370,app018
srv1370,app012
srv1370,app019
srv1371,app009
srv1372,app003
srv1372,app010
srv1372,app001
srv1373,app002
srv1373,app006
srv1374,app007
srv1374,app008
srv1374,app019
srv1375,app007
srv1375,app009
srv1375,app014
srv1376,app001
srv1376,app020
srv1376,app016
srv1377,app006
srv1378,app001
srv1378,app008
srv1378,app009
srv1379,app010
srv1379,app009
srv1379,app014
srv1380,app012
srv1380,app015
srv1381,app007
srv1381,app015
srv1382,app017
srv1382,app013
srv1383,app004
srv1383,app001
srv1383,app017
srv1384,app012
srv1384,app018
srv1384,app010
srv1385,app004
srv1385,app016
srv1386,app011
srv1387,app011
srv1387,app009
srv1388,app010
srv1388,app007
srv1389,app017
srv1390,app002
srv1391,app013
srv1391,app011
srv1391,app005
srv1392,app001
srv1392,app016
srv1392,app010
srv1393,app014
srv1393,app013
srv1394,app002
srv1394,app019
srv1395,app019
srv1395,app007
srv1395,app011
srv1396,app008
srv1396,app018
srv1396,app016
srv1397,app012
srv1397,app017
srv1397,app010
srv1398,app018
srv1399,app010
srv1400,app016
srv1401,app009
srv1402,app018
srv1402,app006
srv1402,app011
srv1403,app003
srv1403,app008
srv1403,app012
srv1404,app010
srv1405,app011
srv1405,app012
srv1406,app019
srv1406,app010
srv1407,app004
srv1407,app016
srv1408,app019
srv1409,app020
srv1409,app003
srv1409,app016
srv1410,app017
srv1411,app013
srv1412,app010
srv1412,app014
srv1412,app002
srv1413,app005
srv1414,app011
srv1415,app019
srv1415,app015
srv1416,app011
srv1417,app006
srv1417,app003
srv1417,app016
srv1418,app006
srv1418,app011
srv1419,app002
srv1419,app001
srv1419,app015
srv1420,app007
srv1420,app006
srv1421,app006
srv1421,app016
srv1421,app003
srv1422,app020
srv1423,app014
srv1423,app013
srv1424,app016
srv1424,app013
srv1425,app002
srv1426,app007
srv1426,app012
srv1426,app001
srv1427,app017
srv1427,app007
srv1428,app001
srv1429,app008
srv1429,app020
srv1429,app012
srv1430,app005
srv1430,app004
srv1431,app017
srv1431,app019
srv1432,app006
srv1432,app003
srv1433,app010
srv1434,app015
srv1434,app017
srv1435,app017
srv1435,app011
srv1435,app014
srv1436,app005
srv1436,app011
srv1436,app016
srv1437,app007
srv1437,app006
srv1438,app001
srv1438,app008
srv1439,app005
srv1440,app001
srv1441,app017
srv1441,app006
srv1441,app004
srv1442,app002
srv1442,app013
srv1443,app009
srv1443,app018
srv1443,app002
srv1444,app002
srv1444,app004
srv1444,app001
srv1445,app004
srv1446,app015
srv1446,app013
srv1447,app018
srv1448,app016
srv1448,app005
srv1449,app001
srv1450,app014
srv1450,app004
srv1451,app017
srv1451,app009
srv1451,app005
srv1452,app004
srv1452,app017
srv1453,app020
srv1453,app004
srv1453,app010
srv1454,app004
srv1455,app007
srv1455,app020
srv1456,app017
srv1456,app007
srv1457,app014
srv1457,app010
srv1458,app002
srv1459,app016
srv1459,app007
srv1459,app020
srv1460,app008
srv1460,app001
srv1461,app003
srv1462,app019
srv1463,app016
srv1463,app005
srv1463,app003
srv1464,app003
srv1464,app004
srv1464,app009
srv1465,app008
srv1465,app015
srv1465,app010
srv1466,app015
srv1466,app002
srv1467,app006
srv1468,app010
srv1469,app011
srv1469,app014
srv1470,app004
srv1470,app020
srv1470,app002
srv1471,app005
srv1472,app006
srv1472,app011
srv1472,app012
srv1473,app020
srv1473,app009
srv1474,app003
srv1474,app012
srv1474,app011
srv1475,app004
srv1476,app013
srv1476,app015
srv1477,app013
srv1477,app016
srv1478,app006
srv1478,app004
srv1479,app002
srv1480,app004
srv1481,app019
srv1481,app016
srv1482,app015
srv1482,app006
srv1482,app013
srv1483,app020
srv1483,app001
srv1484,app005
srv1484,app016
srv1484,app019
srv1485,app014
srv1486,app002
srv1486,app003
srv1487,app011
srv1487,app001
srv1488,app017
srv1488,app019
srv1488,app008
srv1489,app011
srv1489,app017
srv1489,app019
srv1490,app020
srv1490,app004
srv1490,app014
srv1491,app008
srv1491,app016
srv1491,app012
srv1492,app013
srv1492,app005
srv1492,app018
srv1493,app002
srv1493,app001
srv1493,app006
srv1494,app016
srv1494,app020
srv1494,app006
srv1495,app016
srv1496,app008
srv1496,app011
srv1497,app002
srv1497,app017
srv1498,app018
srv1499,app013
srv1499,app020
srv1499,app008
srv1500,app015
srv1501,app019
srv1501,app015
srv1502,app016
srv1503,app011
srv1503,app004
srv1504,app001
srv1504,app004
srv1505,app014
srv1505,app002
srv1506,app018
srv1506,app001
srv1506,app003
srv1507,app020
srv1507,app010
srv1507,app017
srv1508,app007
srv1508,app015
srv1508,app011
srv1509,app002
srv1509,app008
srv1510,app011
srv1510,app018
srv1511,app020
srv1511,app016
srv1511,app012
srv1512,app015
srv1512,app004
srv1512,app019
srv1513,app008
srv1513,app001
srv1513,app011
srv1514,app010
srv1514,app018
srv1515,app012
srv1515,app004
srv1515,app002
srv1516,app016
srv1517,app014
srv1518,app009
srv1519,app007
srv1519,app020
srv1519,app004
srv1520,app007
srv1520,app015
srv1521,app011
srv1522,app014
srv1523,app019
srv1524,app015
srv1525,app019
srv1525,app017
srv1526,app016
srv1527,app017
srv1528,app002
srv1528,app018
srv1528,app014
srv1529,app016
srv1529,app017
srv1529,app006
srv1530,app019
srv1530,app006
srv1530,app005
srv1531,app013
srv1532,app020
srv1532,app011
srv1532,app017
srv1533,app014
srv1533,app008
srv1534,app013
srv1534,app011
srv1535,app015
srv1535,app005
srv1536,app014
srv1537,app017
srv1537,app010
srv1537,app018
srv1538,app018
srv1538,app007
srv1539,app007
srv1540,app010
srv1540,app012
srv1540,app005
srv1541,app006
srv1541,app017
srv1541,app018
srv1542,app011
srv1542,app004
srv1542,app012
srv1543,app016
srv1543,app019
srv1543,app014
srv1544,app018
srv1544,app010
srv1544,app014
srv1545,app017
srv1546,app001
srv1547,app005
srv1547,app002
srv1548,app002
srv1548,app007
srv1548,app009
srv1549,app010
srv1550,app009
srv1550,app005
srv1550,app002
srv1551,app010
srv1551,app007
srv1551,app018
srv1552,app012
srv1553,app004
srv1553,app018
srv1554,app018
srv1555,app008
srv1555,app017
srv1556,app010
srv1556,app002
srv1556,app013
srv1557,app014
srv1557,app011
srv1558,app002
srv1558,app001
srv1558,app009
srv1559,app020
srv1560,app008
srv1560,app012
srv1561,app018
srv1561,app007
srv1561,app019
srv1562,app015
srv1562,app006
srv1563,app003
srv1563,app006
srv1563,app019
srv1564,app017
srv1564,app004
srv1564,app013
srv1565,app014
srv1566,app018
srv1566,app009
srv1567,app006
srv1568,app009
srv1568,app001
srv1568,app011
srv1569,app005
srv1569,app002
srv1570,app011
srv1571,app002
srv1571,app010
srv1571,app016
srv1572,app018
srv1572,app012
srv1572,app003
srv1573,app011
srv1573,app017
srv1573,app008
srv1574,app017
srv1575,app017
srv1576,app014
srv1577,app018
srv1577,app013
srv1577,app003
srv1578,app008
srv1578,app007
srv1579,app011
srv1579,app020
srv1579,app012
srv1580,app007
srv1580,app017
srv1581,app018
srv1581,app001
srv1582,app012
srv1583,app008
srv1583,app020
srv1584,app011
srv1585,app004
srv1585,app013
srv1586,app018
srv1586,app010
srv1587,app017
srv1588,app017
srv1588,app020
srv1589,app016
srv1589,app002
srv1590,app007
srv1590,app011
srv1591,app003
srv1591,app004
srv1591,app006
srv1592,app018
srv1592,app001
srv1592,app003
srv1593,app007
srv1594,app014
srv1594,app004
srv1594,app007
srv1595,app014
srv1595,app003
srv1595,app005
srv1596,app015
srv1597,app011
srv1597,app002
srv1597,app003
srv1598,app002
srv1599,app009
srv1600,app003
srv1600,app019
srv1600,app008
srv1601,app014
srv1601,app013
srv1602,app013
srv1602,app014
srv1603,app001
srv1603,app013
srv1604,app004
srv1604,app018
srv1604,app001
srv1605,app020
srv1605,app003
srv1605,app002
srv1606,app003
srv1606,app012
srv1606,app017
srv1607,app010
srv1608,app010
srv1608,app003
srv1608,app020
srv1609,app013
srv1609,app020
srv1610,app001
srv1610,app016
srv1610,app006
srv1611,app008
srv1611,app005
srv1611,app013
srv1612,app010
srv1612,app005
srv1612,app020
srv1613,app012
srv1613,app001
srv1613,app018
srv1614,app005
srv1614,app004
srv1614,app002
srv1615,app019
srv1616,app013
srv1616,app018
srv1616,app019
srv1617,app010
srv1618,app012
srv1619,app014
srv1620,app017
srv1620,app005
srv1620,app006
srv1621,app008
srv1622,app009
srv1622,app007
srv1622,app004
srv1623,app019
srv1624,app018
srv1625,app018
srv1625,app003
srv1626,app003
srv1626,app009
srv1627,app007
srv1628,app019
srv1628,app016
srv1628,app011
srv1629,app005
srv1629,app008
srv1630,app010
srv1631,app003
srv1631,app007
srv1631,app011
srv1632,app015
srv1632,app011
srv1633,app010
srv1633,app019
srv1633,app005
srv1634,app019
srv1634,app012
srv1634,app011
srv1635,app006
srv1635,app001
srv1636,app008
srv1636,app020
srv1637,app014
srv1637,app009
srv1637,app012
srv1638,app011
srv1639,app015
srv1639,app020
srv1640,app010
srv1640,app016
srv1641,app004
srv1641,app006
srv1641,app003
srv1642,app005
srv1642,app018
srv1643,app009
srv1644,app003
srv1644,app020
srv1644,app001
srv1645,app001
srv1645,app019
srv1645,app013
srv1646,app007
srv1646,app002
srv1646,app018
srv1647,app018
srv1647,app020
srv1648,app005
srv1648,app012
srv1649,app008
srv1649,app019
srv1650,app010
srv1650,app005
srv1650,app015
srv1651,app017
srv1651,app003
srv1651,app013
srv1652,app017
srv1652,app001
srv1653,app008
srv1653,app006
srv1653,app017
srv1654,app015
srv1655,app006
srv1656,app019
srv1656,app005
srv1656,app016
srv1657,app002
srv1657,app008
srv1658,app008
srv1658,app003
srv1659,app012
srv1659,app008
srv1660,app007
srv1661,app012
srv1661,app013
srv1661,app016
srv1662,app002
srv1662,app020
srv1663,app011
srv1663,app004
srv1663,app017
srv1664,app009
srv1664,app020
srv1664,app018
srv1665,app006
srv1665,app013
srv1665,app019
srv1666,app019
srv1666,app003
srv1667,app009
srv1667,app013
srv1667,app008
srv1668,app013
srv1668,app012
srv1668,app019
srv1669,app016
srv1669,app001
srv1670,app005
srv1670,app015
srv1670,app006
srv1671,app003
srv1672,app009
srv1672,app007
srv1672,app005
srv1673,app006
srv1674,app020
srv1674,app004
srv1675,app008
srv1675,app014
srv1675,app011
srv1676,app004
srv1676,app016
srv1676,app019
srv1677,app007
srv1677,app019
srv1678,app014
srv1679,app008
srv1680,app005
srv1681,app019
srv1681,app006
srv1681,app005
srv1682,app017
srv1682,app002
srv1682,app005
srv1683,app006
srv1684,app006
srv1684,app017
srv1685,app020
srv1685,app019
srv1686,app001
srv1686,app010
srv1686,app003
srv1687,app015
srv1688,app016
srv1688,app020
srv1688,app006
srv1689,app014
srv1690,app005
srv1690,app019
srv1690,app006
srv1691,app017
srv1691,app009
srv1691,app006
srv1692,app011
srv1692,app015
srv1692,app003
srv1693,app013
srv1694,app005
srv1694,app004
srv1695,app007
srv1696,app017
srv1696,app014
srv1696,app005
srv1697,app004
srv1697,app006
srv1697,app016
srv1698,app020
srv1698,app002
srv1698,app018
srv1699,app004
srv1699,app003
srv1699,app016
srv1700,app005
srv1700,app018
srv1700,app001
srv1701,app014
srv1701,app017
srv1701,app020
srv1702,app002
srv1702,app017
srv1703,app008
srv1703,app016
srv1704,app012
srv1704,app019
srv1705,app019
srv1705,app004
srv1705,app014
srv1706,app009
srv1707,app008
srv1707,app003
srv1708,app020
srv1708,app018
srv1709,app009
srv1709,app007
srv1710,app001
srv1711,app017
srv1711,app004
srv1711,app020
srv1712,app013
srv1713,app007
srv1713,app011
srv1713,app014
srv1714,app004
srv1714,app005
srv1715,app019
srv1715,app009
srv1716,app018
srv1716,app014
srv1717,app012
srv1717,app009
srv1717,app013
srv1718,app014
srv1719,app018
srv1719,app016
srv1719,app006
srv1720,app018
srv1720,app020
srv1721,app009
srv1721,app010
srv1722,app012
srv1722,app013
srv1722,app005
srv1723,app004
srv1723,app008
srv1723,app015
srv1724,app006
srv1724,app004
srv1724,app007
srv1725,app013
srv1725,app011
srv1725,app018
srv1726,app002
srv1726,app006
srv1726,app013
srv1727,app001
srv1727,app003
srv1727,app005
srv1728,app020
srv1728,app014
srv1729,app003
srv1730,app008
srv1730,app012
srv1731,app020
srv1732,app013
srv1733,app020
srv1733,app017
srv1734,app020
srv1734,app002
srv1735,app016
srv1736,app001
srv1736,app007
srv1737,app017
srv1737,app010
srv1737,app007
srv1738,app020
srv1739,app017
srv1739,app008
srv1739,app006
srv1740,app002
srv1740,app012
srv1740,app008
srv1741,app001
srv1741,app006
srv1741,app003
srv1742,app013
srv1742,app012
srv1743,app013
srv1743,app020
srv1743,app007
srv1744,app001
srv1744,app003
srv1744,app019
srv1745,app010
srv1745,app018
srv1745,app012
srv1746,app009
srv1746,app008
srv1747,app007
srv1747,app015
srv1747,app013
srv1748,app001
srv1748,app009
srv1748,app006
srv1749,app017
srv1749,app004
srv1750,app003
srv1750,app017
srv1750,app010
srv1751,app004
srv1751,app017
srv1752,app018
srv1752,app019
srv1753,app015
srv1753,app013
srv1754,app016
srv1754,app008
srv1754,app011
srv1755,app015
srv1755,app019
srv1756,app016
srv1757,app009
srv1758,app013
srv1759,app008
srv1759,app020
srv1759,app011
srv1760,app012
srv1760,app017
srv1761,app001
srv1761,app009
srv1761,app008
srv1762,app003
srv1762,app013
srv1763,app011
srv1763,app003
srv1763,app018
srv1764,app016
srv1765,app012
srv1765,app007
srv1766,app009
srv1766,app006
srv1766,app007
srv1767,app007
srv1767,app008
srv1768,app008
srv1768,app009
srv1768,app007
srv1769,app007
srv1770,app020
srv1771,app005
srv1771,app004
srv1772,app003
srv1773,app016
srv1773,app001
srv1773,app018
srv1774,app016
srv1775,app020
srv1775,app011
srv1776,app019
srv1776,app009
srv1777,app006
srv1777,app017
srv1778,app013
srv1778,app008
srv1779,app005
srv1779,app002
srv1779,app017
srv1780,app016
srv1780,app018
srv1781,app017
srv1782,app013
srv1782,app006
srv1783,app004
srv1783,app017
srv1784,app011
srv1784,app001
srv1785,app007
srv1786,app019
srv1786,app004
srv1787,app012
srv1787,app009
srv1788,app018
srv1789,app008
srv1789,app009
srv1790,app020
srv1790,app011
srv1791,app006
srv1791,app016
srv1792,app007
srv1792,app014
srv1793,app012
srv1793,app020
srv1793,app013
srv1794,app015
srv1794,app006
srv1795,app005
srv1795,app019
srv1795,app008
srv1796,app009
srv1797,app018
srv1798,app013
srv1798,app007
srv1799,app005
srv1800,app001
srv1800,app006
srv1801,app016
srv1801,app005
srv1802,app017
srv1802,app018
srv1802,app011
srv1803,app010
srv1803,app009
srv1804,app019
srv1804,app002
srv1804,app013
srv1805,app006
srv1806,app007
srv1807,app016
srv1807,app004
srv1808,app011
srv1808,app009
srv1809,app012
srv1809,app018
srv1810,app009
srv1810,app012
srv1810,app001
srv1811,app004
srv1811,app012
srv1812,app020
srv1812,app007
srv1812,app018
srv1813,app010
srv1814,app011
srv1814,app017
srv1815,app015
srv1815,app003
srv1816,app020
srv1816,app010
srv1817,app005
srv1817,app006
srv1818,app011
srv1818,app014
srv1818,app013
srv1819,app003
srv1820,app011
srv1821,app011
srv1822,app010
srv1822,app009
srv1823,app013
srv1823,app009
srv1823,app015
srv1824,app019
srv1824,app017
srv1825,app014
srv1825,app006
srv1826,app001
srv1827,app008
srv1828,app009
srv1828,app003
srv1828,app007
srv1829,app013
srv1830,app004
srv1831,app016
srv1832,app002
srv1832,app001
srv1832,app013
srv1833,app003
srv1833,app004
srv1833,app009
srv1834,app005
srv1834,app003
srv1834,app013
srv1835,app008
srv1835,app020
srv1836,app010
srv1836,app015
srv1836,app005
srv1837,app017
srv1838,app001
srv1839,app012
srv1840,app016
srv1840,app015
srv1841,app009
srv1841,app018
srv1841,app015
srv1842,app018
srv1843,app019
srv1844,app015
srv1844,app019
srv1844,app014
srv1845,app018
srv1845,app010
srv1845,app012
srv1846,app018
srv1846,app008
srv1847,app015
srv1848,app012
srv1848,app014
srv1849,app005
srv1849,app010
srv1850,app001
srv1851,app005
srv1851,app012
srv1851,app010
srv1852,app018
srv1852,app001
srv1853,app016
srv1853,app020
srv1853,app010
srv1854,app014
srv1855,app020
srv1855,app008
srv1856,app018
srv1857,app007
srv1857,app014
srv1858,app014
srv1858,app013
srv1858,app008
srv1859,app013
srv1860,app008
srv1860,app009
srv1861,app014
srv1862,app008
srv1862,app017
srv1862,app009
srv1863,app018
srv1863,app009
srv1864,app007
srv1864,app003
srv1865,app005
srv1866,app004
srv1866,app015
srv1867,app015
srv1867,app009
srv1867,app016
srv1868,app011
srv1869,app005
srv1870,app018
srv1871,app006
srv1872,app010
srv1873,app005
srv1873,app015
srv1874,app001
srv1874,app008
srv1874,app003
srv1875,app001
srv1876,app007
srv1876,app011
srv1877,app010
srv1877,app016
srv1878,app015
srv1878,app002
srv1879,app003
srv1879,app005
srv1880,app009
srv1881,app003
srv1881,app018
srv1882,app006
srv1882,app007
srv1883,app013
srv1883,app001
srv1884,app008
srv1885,app015
srv1885,app008
srv1886,app002
srv1886,app007
srv1886,app015
srv1887,app004
srv1887,app017
srv1887,app007
srv1888,app013
srv1888,app010
srv1889,app006
srv1889,app002
srv1890,app018
srv1890,app017
srv1890,app004
srv1891,app016
srv1891,app010
srv1892,app012
srv1893,app007
srv1894,app008
srv1895,app014
srv1895,app011
srv1895,app001
srv1896,app009
srv1897,app004
srv1897,app013
srv1897,app008
srv1898,app002
srv1899,app016
srv1899,app005
srv1899,app012
srv1900,app008
srv1901,app016
srv1902,app020
srv1903,app002
srv1903,app020
srv1904,app005
srv1904,app018
srv1905,app005
srv1906,app008
srv1906,app011
srv1907,app012
srv1907,app015
srv1907,app007
srv1908,app013
srv1909,app005
srv1909,app009
srv1910,app016
srv1911,app015
srv1911,app018
srv1911,app010
srv1912,app016
srv1912,app007
srv1912,app006
srv1913,app012
srv1913,app011
srv1913,app015
srv1914,app020
srv1914,app018
srv1915,app003
srv1916,app005
srv1916,app015
srv1916,app010
srv1917,app018
srv1917,app012
srv1918,app001
srv1918,app017
srv1919,app006
srv1919,app001
srv1920,app012
srv1920,app008
srv1920,app011
srv1921,app003
srv1921,app018
srv1921,app013
srv1922,app017
srv1923,app016
srv1923,app018
srv1923,app005
srv1924,app010
srv1924,app011
srv1924,app014
srv1925,app011
srv1925,app004
srv1925,app019
srv1926,app003
srv1926,app002
srv1926,app005
srv1927,app002
srv1928,app004
srv1929,app007
srv1929,app004
srv1930,app019
srv1931,app013
srv1931,app016
srv1931,app017
srv1932,app019
srv1932,app009
srv1932,app002
srv1933,app008
srv1933,app003
srv1934,app007
srv1935,app016
srv1935,app003
srv1935,app015
srv1936,app002
srv1936,app012
srv1936,app018
srv1937,app014
srv1937,app012
srv1937,app002
srv1938,app009
srv1938,app017
srv1938,app002
srv1939,app003
srv1939,app010
srv1939,app020
srv1940,app017
srv1941,app004
srv1942,app008
srv1942,app018
srv1942,app013
srv1943,app007
srv1944,app008
srv1944,app019
srv1944,app006
srv1945,app018
srv1945,app014
srv1945,app004
srv1946,app019
srv1946,app012
srv1946,app015
srv1947,app014
srv1947,app004
srv1947,app006
srv1948,app018
srv1949,app017
srv1949,app011
srv1950,app006
srv1950,app018
srv1950,app015
srv1951,app011
srv1951,app018
srv1952,app012
srv1952,app014
srv1953,app014
srv1953,app011
srv1953,app008
srv1954,app018
srv1954,app007
srv1954,app013
srv1955,app009
srv1955,app012
srv1955,app015
srv1956,app013
srv1956,app001
srv1957,app002
srv1957,app010
srv1957,app001
srv1958,app005
srv1958,app010
srv1958,app001
srv1959,app008
srv1959,app007
srv1960,app001
srv1960,app009
srv1961,app017
srv1961,app018
srv1961,app005
srv1962,app002
srv1963,app012
srv1963,app005
srv1964,app009
srv1965,app019
srv1965,app008
srv1966,app009
srv1967,app003
srv1967,app019
srv1968,app019
srv1968,app007
srv1969,app003
srv1969,app011
srv1969,app016
srv1970,app016
srv1971,app019
srv1971,app004
srv1971,app010
srv1972,app019
srv1973,app003
srv1973,app002
srv1974,app012
srv1974,app014
srv1975,app004
srv1975,app008
srv1976,app020
srv1976,app001
srv1976,app013
srv1977,app010
srv1978,app002
srv1978,app011
srv1978,app018
srv1979,app005
srv1979,app011
srv1979,app017
srv1980,app008
srv1980,app005
srv1980,app002
srv1981,app013
srv1981,app015
srv1981,app017
srv1982,app008
srv1983,app010
srv1983,app013
srv1984,app005
srv1985,app003
srv1985,app016
srv1986,app002
srv1986,app018
srv1986,app013
srv1987,app003
srv1987,app013
srv1988,app014
srv1988,app005
srv1988,app019
srv1989,app018
srv1989,app007
srv1990,app013
srv1990,app019
srv1991,app018
srv1992,app017
srv1992,app008
srv1992,app019
srv1993,app009
srv1994,app011
srv1994,app019
srv1995,app004
srv1996,app014
srv1996,app020
srv1996,app012
srv1997,app007
srv1997,app011
srv1998,app020
srv1998,app001
srv1999,app006
srv1999,app012
srv2000,app015
srv2000,app005
srv2000,app020
